group,mean,sd
Old,0.152415661,0.048243887
Old+C. s,0.367500043,0.116982113